RootCause,Reason,Severity,Impact,ImmediateFixes,PermanentFixes,PreventiveMeasures,Recommendations,Confidence,LogIndex
High TPS (Transactions Per Second) causing system overload,"The system is experiencing a high volume of transactions per second, leading to potential performance issues and errors. The nearby log '[Globals.cpp|04124|02:46:44:026|~ER~]Received TPS in this second:16' indicates that the system received 16 transactions in one second, which may be exceeding the system's capacity.",High,"The high TPS is causing the system to become overloaded, potentially leading to errors, delays, and impact on business operations. The anomaly score of 3.9470177 also indicates a significant deviation from normal behavior.","['Implement rate limiting to reduce the number of transactions per second', 'Increase system resources (e.g., CPU, memory) to handle the high volume of transactions', 'Investigate and resolve any underlying issues causing the high TPS']","['Optimize system configuration and architecture to improve performance and scalability', 'Implement load balancing and autoscaling to distribute the workload and handle peak traffic', 'Develop and implement a queueing system to manage and prioritize transactions']","['Monitor system performance and TPS regularly to detect potential issues early', 'Implement alerting and notification systems to notify teams of high TPS or system overload', 'Conduct regular stress testing and performance tuning to ensure system capacity and scalability']","['Investigate the root cause of the high TPS and address any underlying issues', 'Consider implementing a message queueing system to handle and prioritize transactions', 'Develop a plan to scale the system and increase resources as needed to handle peak traffic']",90%,4526
High TPS (Transactions Per Second) causing system overload,"The system is experiencing a high volume of transactions per second, leading to potential performance issues and errors. The log entry '[Globals.cpp|04124|02:46:24:233|~ER~]Received TPS in this second:14' indicates that the system received 14 transactions in one second, which may be exceeding the system's capacity.",High,"The high TPS may cause delays, errors, or even system crashes, resulting in a negative impact on business operations and customer experience.","['Monitor system performance and adjust TPS limits to prevent overload', 'Implement rate limiting to control the number of incoming transactions', 'Increase system resources (e.g., CPU, memory) to handle the high TPS']","['Optimize system configuration and code to improve performance and efficiency', 'Implement load balancing and scaling to distribute the workload across multiple servers', 'Develop a more robust and scalable architecture to handle high TPS']","['Regularly monitor system performance and adjust TPS limits as needed', 'Implement automated alerting and notification systems to detect potential issues', 'Conduct regular stress testing and performance tuning to ensure system stability']","['Analyze system logs to identify patterns and trends in TPS and system performance', 'Collaborate with development teams to optimize code and improve system efficiency', 'Develop a disaster recovery plan to ensure business continuity in case of system failures']",90%,1101
High TPS (Transactions Per Second) causing system overload,"The system is experiencing a high volume of transactions per second (14 TPS), which is causing the system to become overloaded and potentially leading to errors and performance issues.",High,"Potential delay or loss of SMS messages, impacting customer experience and business operations","['Monitor system performance and adjust TPS limits as needed', 'Implement load balancing to distribute traffic across multiple servers', 'Increase system resources (e.g., CPU, memory) to handle high TPS']","['Optimize system configuration and code to improve performance and reduce latency', 'Implement caching mechanisms to reduce database queries and improve response times', 'Develop a scalable architecture to handle increased traffic and TPS']","['Implement monitoring and alerting systems to detect high TPS and potential system overload', 'Develop a capacity planning strategy to ensure sufficient system resources for expected traffic', 'Regularly review and optimize system performance to prevent similar issues']","['Conduct a thorough review of system architecture and performance to identify bottlenecks and areas for improvement', 'Develop a disaster recovery plan to ensure business continuity in case of system overload or failure', 'Consider implementing a content delivery network (CDN) to reduce latency and improve system performance']",90%,4944
High TPS (Transactions Per Second) causing system overload,"The system is experiencing a high volume of transactions per second, leading to potential overload and performance issues. The log indicates that the system received 11 TPS in one second, which may be exceeding the system's capacity.",High,"Potential system overload, performance degradation, and delayed or failed message delivery","['Monitor system resources (CPU, memory, disk usage) to identify bottlenecks', 'Adjust system configuration to optimize performance and handle high TPS', 'Implement rate limiting or traffic shaping to prevent overload']","['Upgrade system hardware or infrastructure to increase capacity', 'Optimize system software and configuration for better performance', 'Implement load balancing or distributed architecture to handle high traffic']","['Regularly monitor system performance and adjust configuration as needed', 'Implement predictive analytics to forecast high-traffic periods and adjust system capacity accordingly', 'Develop and test disaster recovery and business continuity plans']","['Conduct a thorough system audit to identify performance bottlenecks', 'Develop and implement a capacity planning strategy to ensure system scalability', 'Establish a incident response plan to quickly respond to and resolve system overload issues']",90%,3605
Insufficient balance for subscription to EXPLORE service,"The user's account balance is not sufficient to subscribe to the EXPLORE service, resulting in a failed subscription attempt and the generation of an error message.",Medium,"The user is unable to subscribe to the EXPLORE service, which may impact their ability to access certain features or functionality.","[""Verify the user's account balance and ensure it is sufficient to cover the subscription cost."", 'Check the EXPLORE service configuration to ensure it is properly set up and functioning as expected.', 'Review the SMPP packet insertion into the queue to ensure it is being processed correctly.']","['Implement a check for sufficient balance before attempting to subscribe to the EXPLORE service.', 'Configure the system to send a notification to the user when their balance is low or insufficient to cover subscription costs.', 'Optimize the SMPP packet processing to reduce the likelihood of errors or failures.']","['Regularly review and update the EXPLORE service configuration to ensure it remains accurate and functional.', 'Implement monitoring and alerting for low account balances to prevent unexpected subscription failures.', 'Conduct periodic testing of the SMPP packet insertion and processing to identify and address any potential issues.']","['Consider implementing a more robust balance checking mechanism to prevent subscription attempts when the balance is insufficient.', 'Review the user interface and user experience to ensure that users are clearly informed about the costs associated with subscribing to the EXPLORE service.', 'Develop a more comprehensive error handling and notification system to inform users of subscription failures and provide guidance on next steps.']",90%,2237
Insufficient balance for subscription to EXPLORE service,"The user's account balance is not sufficient to subscribe to the EXPLORE service, resulting in an error message being sent to the user",Low,"The user is unable to subscribe to the EXPLORE service due to insufficient balance, which may lead to a negative user experience","[""Check the user's account balance and verify that it is sufficient to subscribe to the EXPLORE service"", 'Send a notification to the user to top up their account balance', 'Verify that the EXPLORE service is properly configured and available for subscription']","['Implement a check for sufficient account balance before allowing users to subscribe to services', 'Automate the process of sending notifications to users when their account balance is low', 'Review and optimize the EXPLORE service configuration to prevent similar issues in the future']","['Regularly review and update the service configuration to prevent similar issues', 'Implement monitoring and alerting for low account balances to prevent service disruptions', 'Conduct user testing and feedback sessions to identify and address potential issues']","[""Review the user's account balance and subscription history to identify potential issues"", 'Verify that the EXPLORE service is properly integrated with the account management system', 'Consider implementing a more robust and automated account balance checking system']",90%,4160
High Transaction Per Second (TPS) rate exceeding system capacity,"The system is experiencing a high volume of transactions, leading to potential performance degradation and errors. The nearby logs indicate a high TPS rate, with 20 and 21 transactions per second, which may be causing the system to become overwhelmed.",High,"Potential performance degradation, errors, and impact on user experience","['Monitor system performance and adjust TPS limits as needed', 'Implement rate limiting to prevent excessive transactions', 'Analyze system resources and adjust capacity to handle high TPS rates']","['Optimize system configuration and architecture to handle high TPS rates', 'Implement load balancing and scaling to distribute traffic and improve performance', 'Develop and implement a queueing system to manage transactions and prevent overload']","['Regularly monitor system performance and TPS rates', 'Implement automated alerts and notifications for high TPS rates', 'Develop and implement a capacity planning strategy to ensure system resources can handle expected traffic']","['Conduct a thorough analysis of system performance and TPS rates to identify areas for optimization', 'Develop and implement a comprehensive strategy for managing high TPS rates and preventing performance degradation', 'Consider implementing a content delivery network (CDN) or other caching mechanisms to reduce the load on the system']",90%,362
Insufficient balance for subscription to EXPLORE service,"The user does not have enough balance to subscribe to the EXPLORE service, resulting in a failed subscription attempt and the generation of an error message.",Medium,"Users are unable to subscribe to the EXPLORE service due to insufficient balance, potentially leading to a negative user experience and loss of revenue for the service provider.","['Verify user balance before attempting to subscribe to the EXPLORE service', 'Send a notification to the user to top up their balance before retrying the subscription', 'Implement a retry mechanism with a limited number of attempts to prevent excessive failed subscription attempts']","['Implement a balance check API to verify user balance before initiating the subscription process', 'Integrate a payment gateway to allow users to top up their balance directly from the application', 'Configure the system to send automated notifications to users with low balance, reminding them to top up their balance']","['Regularly review and update the subscription process to ensure it is efficient and user-friendly', 'Implement a monitoring system to track user balance and detect potential issues before they occur', 'Conduct user testing and gather feedback to identify areas for improvement in the subscription process']","['Consider implementing a free trial or promotional offer to allow users to try the EXPLORE service before committing to a subscription', 'Develop a user-friendly interface for users to manage their balance and subscription settings', 'Establish a clear and concise communication channel to inform users about the status of their subscription and any issues that may arise']",90%,454
Insufficient balance for subscription to EXPLORE service,"The user's account balance is not sufficient to subscribe to the EXPLORE service, resulting in a series of retry messages being sent to the user's destination address.",Medium,"Users are receiving repeated messages indicating they do not have enough balance to subscribe to the EXPLORE service, potentially causing frustration and impacting the user experience.","[""Verify the user's account balance and ensure it is sufficient for subscription to the EXPLORE service"", 'Check the retry mechanism to prevent repeated messages from being sent to the user', 'Investigate the SMPP server and ESME logs to identify any issues with message processing']","['Implement a check for sufficient account balance before attempting to subscribe to the EXPLORE service', 'Configure the retry mechanism to prevent repeated messages from being sent to the user in case of insufficient balance', 'Optimize the SMPP server and ESME configuration to improve message processing efficiency']","['Regularly review and update the account balance checking mechanism to prevent similar issues', 'Implement monitoring and alerting for retry messages to quickly identify and address potential issues', 'Conduct regular testing of the subscription process to ensure it is working correctly']","[""Review the user's subscription history to identify any patterns or issues with subscription attempts"", ""Investigate the possibility of implementing a more robust retry mechanism that takes into account the user's account balance"", 'Consider implementing a notification system to inform users of insufficient balance before attempting to subscribe to the EXPLORE service']",90%,1598
Insufficient balance for subscription to EXPLORE service,"The user does not have enough balance to subscribe to the EXPLORE service, resulting in a failed subscription attempt and the generation of an error message.",Medium,"The user is unable to subscribe to the EXPLORE service, which may impact their ability to access certain features or functionality.","[""Verify the user's balance and ensure it is sufficient for subscription"", 'Check the EXPLORE service configuration to ensure it is correctly set up', 'Investigate any recent changes to the subscription process or user accounts']","['Implement a check for sufficient balance before attempting to subscribe to the EXPLORE service', 'Configure the system to automatically notify users when their balance is low or insufficient for subscription', 'Review and optimize the subscription process to minimize errors and improve user experience']","['Regularly review and update the EXPLORE service configuration to ensure it remains accurate and effective', 'Implement monitoring and alerting for low user balances to prevent subscription failures', 'Conduct periodic testing of the subscription process to identify and address any issues']","['Consider implementing a more robust and automated balance checking system', 'Review user feedback and support requests to identify areas for improvement in the subscription process', 'Develop a comprehensive testing plan to ensure the subscription process is thoroughly validated']",90%,2219
Invalid Destination Address,"The destination address contains a non-digit character at the 12th place, which is not a valid format for a phone number.",Medium,"The error is causing a negative SMSC response, which may lead to failed message delivery and impact the user experience.","['Verify the destination address format to ensure it meets the required standards', 'Check the SMPP packet insertion into the queue to ensure it is correctly formatted', 'Investigate the ESME.cpp component to identify the source of the invalid destination address']","['Implement input validation for destination addresses to prevent non-digit characters', 'Update the SMPP packet formatting to handle invalid destination addresses', 'Modify the ESME.cpp component to correctly handle destination address formatting']","['Regularly review and update the input validation rules to prevent similar errors', 'Implement automated testing for destination address formatting', 'Monitor the ESME.cpp component for similar errors and perform proactive maintenance']","['Review the nearby logs to identify any patterns or correlations with the error', 'Investigate the Telepin_prod.2880231 session to determine the root cause of the invalid destination address', 'Consider implementing a retry mechanism for failed message delivery due to invalid destination addresses']",90%,1826
Insufficient balance for subscription to EXPLORE service,"The user's account balance is not sufficient to subscribe to the EXPLORE service, resulting in a failed subscription attempt and the generation of an error message.",Low,"The user is unable to subscribe to the EXPLORE service due to insufficient balance, which may cause inconvenience and affect the user experience.","[""Check the user's account balance and verify that it is sufficient for the subscription."", 'Notify the user to top up their account balance to complete the subscription.', 'Review the subscription process to ensure that it is working correctly and that the error message is being generated correctly.']","['Implement a check for sufficient balance before initiating the subscription process.', 'Provide the user with an option to top up their account balance directly from the subscription page.', 'Enhance the error message to include more detailed information about the insufficient balance and provide instructions on how to resolve the issue.']","['Regularly review and update the subscription process to ensure that it is working correctly and that error messages are being generated correctly.', 'Implement a system to notify users when their account balance is low, to prevent failed subscription attempts.', 'Provide users with clear instructions on how to manage their account balance and subscribe to services.']","['Monitor the subscription process and error messages to identify any trends or issues that may indicate a problem with the system.', 'Consider implementing a more robust balance checking system to prevent failed subscription attempts.', 'Review the user interface and user experience to ensure that it is clear and easy to use, and that users are able to easily manage their account balance and subscribe to services.']",90%,4222
High TPS (Transactions Per Second) causing system overload,"The system is experiencing a high volume of transactions per second, leading to potential performance issues and errors. The nearby logs indicate multiple transactions being processed simultaneously, causing the system to become overloaded.",High,"The high TPS is causing the system to become overloaded, potentially leading to errors, delays, and performance issues. This could result in a poor user experience and impact business operations.","['Implement rate limiting to reduce the number of transactions per second', 'Increase system resources (e.g., CPU, memory) to handle the high volume of transactions', 'Optimize database queries and system configuration to improve performance']","['Implement a load balancing solution to distribute traffic across multiple servers', 'Optimize system architecture to improve scalability and performance', 'Implement a queue-based system to handle high volumes of transactions']","['Monitor system performance and TPS regularly to identify potential issues', 'Implement automated alerts and notifications for high TPS and system overload', 'Regularly review and optimize system configuration and architecture to ensure scalability and performance']","['Conduct a thorough review of system architecture and configuration to identify bottlenecks and areas for improvement', 'Implement a comprehensive monitoring and logging solution to track system performance and identify potential issues', 'Develop a disaster recovery plan to ensure business continuity in the event of a system overload or failure']",90%,1319
Insufficient balance for subscription to EXPLORE service,"The user does not have enough balance to subscribe to the EXPLORE service, resulting in a failed subscription attempt",Low,"The user is unable to subscribe to the EXPLORE service due to insufficient balance, which may lead to a poor user experience","[""Check the user's current balance and notify them to top up their account"", 'Verify the subscription process and ensure that it is working correctly', 'Review the EXPLORE service configuration to ensure that it is properly set up']","['Implement a check for sufficient balance before attempting to subscribe to the EXPLORE service', 'Configure the system to automatically notify users when their balance is low', 'Optimize the subscription process to reduce the likelihood of failed attempts']","['Regularly review and update the EXPLORE service configuration to ensure that it is working correctly', 'Monitor user balances and notify them when their balance is low', 'Implement a robust testing process to identify and fix issues before they affect users']","['Consider implementing a more robust balance checking system to prevent failed subscription attempts', 'Review the user interface to ensure that it provides clear and concise information about the EXPLORE service and the subscription process', 'Monitor user feedback and adjust the system accordingly to improve the overall user experience']",90%,2357
Insufficient balance for subscription to EXPLORE service,"The user's account balance is not sufficient to subscribe to the EXPLORE service, resulting in a failed subscription attempt and the generation of an error message.",Medium,"The user is unable to subscribe to the EXPLORE service, which may impact their ability to access certain features or services.","[""Verify the user's account balance and ensure it is sufficient for subscription"", ""Check the EXPLORE service's pricing and ensure it is correctly configured"", 'Review the subscription process to ensure it is working correctly']","['Implement a check for sufficient balance before attempting to subscribe to the EXPLORE service', 'Configure the system to automatically notify users when their balance is insufficient for subscription', 'Review and optimize the subscription process to minimize errors and improve user experience']","[""Regularly review and update the EXPLORE service's pricing and configuration"", 'Implement automated testing to ensure the subscription process is working correctly', 'Monitor user accounts and notify users when their balance is low to prevent insufficient balance errors']","[""Review the system's logging and monitoring to ensure that similar errors are detected and reported in a timely manner"", 'Consider implementing a more robust error handling mechanism to handle insufficient balance errors', 'Review the user interface and user experience to ensure that users are clearly notified of insufficient balance errors and provided with clear instructions on how to resolve the issue']",90%,342
Insufficient balance for subscription to EXPLORE service,"The user's account balance is not sufficient to subscribe to the EXPLORE service, resulting in a failed subscription attempt",Low,"The user is unable to subscribe to the EXPLORE service due to insufficient balance, which may lead to a poor user experience","[""Check the user's account balance and verify that it is sufficient for the subscription"", 'Notify the user to top up their account balance to complete the subscription', 'Verify that the subscription request is valid and that the user is eligible for the EXPLORE service']","['Implement a check for sufficient balance before processing subscription requests', 'Automate the process of notifying users to top up their account balance when it is insufficient for a subscription', 'Review and optimize the subscription process to minimize the impact of insufficient balance on the user experience']","['Regularly review and update the subscription process to ensure that it is efficient and effective', 'Implement monitoring and alerting to detect and respond to insufficient balance issues in a timely manner', 'Provide clear and concise communication to users about the requirements and costs associated with subscriptions']","[""Review the user's account history to identify any patterns or issues that may be contributing to the insufficient balance"", 'Consider implementing a notification system to alert users when their account balance is low or insufficient for a subscription', 'Evaluate the effectiveness of the current subscription process and identify opportunities for improvement']",90%,874
Insufficient balance for subscription to EXPLORE service,"The user does not have enough balance to subscribe to the EXPLORE service, resulting in a failed subscription attempt",Medium,"The user is unable to subscribe to the EXPLORE service, which may impact their ability to access certain features or content","[""Check the user's balance and ensure it is sufficient for subscription"", 'Verify the subscription request and ensure it is valid', 'Retry the subscription attempt after the user has topped up their balance']","['Implement a check for sufficient balance before attempting subscription', 'Provide clear error messages to the user when subscription fails due to insufficient balance', 'Offer options for the user to top up their balance or choose a different subscription plan']","['Regularly review and update subscription plans and pricing to ensure they are competitive and aligned with user needs', 'Implement a system to notify users when their balance is low or insufficient for subscription', 'Provide users with clear information on subscription requirements and costs']","['Monitor user subscription attempts and balance levels to identify trends and areas for improvement', 'Consider offering flexible subscription plans or promotions to attract and retain users', 'Continuously review and refine the subscription process to ensure it is user-friendly and efficient']",90%,3093
High Transaction Per Second (TPS) rate exceeding the system's capacity,"The log indicates a high TPS rate of 8 and 9 in a single second, which may be causing the system to become overwhelmed and leading to potential issues with message delivery and processing.",High,"Delayed or failed message delivery, potential system crashes, and impact on business operations and revenue.","['Implement rate limiting to reduce the TPS rate and prevent system overload', 'Increase system resources (e.g., CPU, memory, or network bandwidth) to handle the high TPS rate', 'Monitor system performance and adjust configuration settings as needed to maintain stability']","['Optimize system configuration and architecture to improve performance and scalability', 'Implement load balancing and distribute traffic across multiple servers to reduce the load on individual systems', 'Develop and implement a more efficient message processing algorithm to reduce the TPS rate']","['Regularly monitor system performance and TPS rates to identify potential issues before they become critical', 'Implement automated alerting and notification systems to notify teams of high TPS rates or system issues', 'Conduct regular system maintenance and updates to ensure the system remains stable and performant']","['Conduct a thorough review of the system architecture and configuration to identify areas for improvement', 'Develop and implement a comprehensive testing and quality assurance plan to ensure the system can handle high TPS rates', 'Consider implementing a content delivery network (CDN) or other caching mechanisms to reduce the load on the system']",90%,1186
Insufficient balance for subscription to EXPLORE service,"The user does not have enough balance to subscribe to the EXPLORE service, resulting in an error message being sent to the user",Medium,"Users are unable to subscribe to the EXPLORE service due to insufficient balance, potentially leading to revenue loss and customer dissatisfaction","['Verify user balance before attempting to subscribe to the EXPLORE service', 'Send a notification to the user to top up their balance before retrying the subscription', 'Implement a retry mechanism to handle temporary balance check failures']","['Implement a real-time balance check API to ensure accurate balance information', 'Integrate with the billing system to provide real-time balance updates', 'Develop a user-friendly interface for users to top up their balance and retry the subscription']","['Regularly review and update the balance check mechanism to prevent similar issues', 'Implement automated testing to ensure the balance check API is functioning correctly', 'Monitor user feedback and adjust the subscription process accordingly']","['Review the current subscription process and identify areas for improvement', 'Consider implementing a more robust balance check mechanism, such as a caching layer or a message queue', 'Develop a comprehensive error handling and retry mechanism to minimize the impact of similar issues']",90%,1648
High Transaction Per Second (TPS) rate,"The log indicates a high TPS rate of 13 in one second, which may be causing performance issues and potentially leading to errors in message delivery.",High,"Delayed or failed message delivery, potentially affecting customer experience and revenue.","['Investigate and adjust the TPS rate to a more manageable level', 'Monitor system performance and adjust resource allocation as needed', 'Verify that the SMPP connection is properly configured and optimized']","['Implement rate limiting or traffic shaping to prevent excessive TPS rates', 'Optimize database queries and indexing to improve performance', 'Upgrade or add resources (e.g., CPU, memory, network bandwidth) to handle increased traffic']","['Regularly monitor system performance and TPS rates', 'Implement automated alerts and notifications for high TPS rates or performance issues', 'Conduct load testing and performance tuning to ensure system scalability']","['Review and optimize SMPP packet insertion and processing', 'Investigate the cause of the high TPS rate and take corrective action', 'Consider implementing a message queue or caching mechanism to improve performance']",90%,1094
